{
    "items": [
        {
            "type": "dir",
            "title": "Mais Populares",
			"thumbnail": "https://archive.org/download/1700740365517/1700740365543.png",
            "link": "tmdb/movie/popular"
        },
        {
            "type": "dir",
            "title": "Melhor Avaliação",
			"thumbnail": "https://ia801200.us.archive.org/12/items/1700740365675/1700740365686.png",
            "link": "tmdb/movie/top_rated"
        },
		{
            "type": "dir",
            "title": "Generos",
			"thumbnail": "https://archive.org/download/1700740365675/1700740365675.png",
            "link": "file://scraper_list3.json"
        },
		{
            "type": "dir",
            "title": "Top 250 (IMDb)",
			"thumbnail": "https://archive.org/download/1700740365517/1700740365517.png",
            "link": "tmdb/list/634"
        },
		{
            "type": "dir",
            "title": "Por Ano",
			"thumbnail": "https://archive.org/download/1700740365675/1700740365741.png",
            "link": "file://scraper_list4.json"
        },
        {
            "type": "dir",
            "title": "[COLOR yellow]Pesquisar Filmes[/COLOR]",
			"thumbnail": "https://archive.org/download/1700740365535/1700740365535.png",
            "link": "tmdb/search/movie"        
        }
    ]
}