{
    "items": [
        {
            "type": "dir",
            "title": "Mais Populares",
			"thumbnail": "https://archive.org/download/1700740365517/1700740365543.png",
            "link": "tmdb/tv/popular"
        },
        {
            "type": "dir",
            "title": "Melhor Avaliação",
			"thumbnail": "https://ia801200.us.archive.org/12/items/1700740365675/1700740365686.png",
            "link": "tmdb/tv/top_rated"
        },
		{
            "type": "dir",
            "title": "Séries Exibidas Hoje",
			"thumbnail": "https://archive.org/download/1700740365525/1700740365656.png",
            "link": "tmdb/tv/on_the_air"
        },
        {
            "type": "dir",
            "title": "[COLOR yellow]Pesquisar Séries[/COLOR]",
			"thumbnail": "https://archive.org/download/1700740365535/1700740365535.png",
            "link": "tmdb/search/tv"        
        }
    ]
}