{
    "items": [
        {
            "type": "dir",
            "title": "Ação",
			"thumbnail": "https://s.studiobinder.com/wp-content/uploads/2020/05/Best-Action-Movies-of-All-Time-Featured-.jpg",
            "link": "tmdb/genre/movies/28"
        },
		{
            "type": "dir",
            "title": "Animação",
			"thumbnail": "https://media.thecherrypicks.com/images/CHERRYPICKS-ANI.max-1200x1200.format-jpeg.jpegquality-70_zpVe8ua.jpg",
            "link": "tmdb/genre/movies/16"
        },
		{
            "type": "dir",
            "title": "Aventura",
			"thumbnail": "https://images.saymedia-content.com/.image/t_share/MTg3OTY1NTYyNjU0NDM1MjIx/best-adventure-movies.png",
            "link": "tmdb/genre/movies/12"
        },
		{
            "type": "dir",
            "title": "Biografia",
			"thumbnail": "https://static1.colliderimages.com/wordpress/wp-content/uploads/2022/07/Biographical-Movies-Feature-Image.jpg",
            "link": "tmdb/genre/movies/36"
        },
		 {
            "type": "dir",
            "title": "Comédia",
			"thumbnail": "https://img.onmanorama.com/content/dam/mm/en/entertainment/2020/hollywood-comedies.jpg",
            "link": "tmdb/genre/movies/35"        
        },
		{
            "type": "dir",
            "title": "Crime",
			"thumbnail": "https://static1.cbrimages.com/wordpress/wp-content/uploads/2024/05/split-image-21.jpg",
            "link": "tmdb/genre/movies/80"
        },
        {
            "type": "dir",
            "title": "Documentarios",
			"thumbnail": "https://pyxis.nymag.com/v1/imgs/ad4/d66/1fbf8a548f08a37a28a8b81c7fdbd1a71f-12-documentaries-of-century.2x.rsocial.w600.jpg",
            "link": "tmdb/genre/movies/99"
        },
		{
            "type": "dir",
            "title": "Drama",
			"thumbnail": "https://static1.srcdn.com/wordpress/wp-content/uploads/2020/02/best-drama-movies-feautred.jpg",
            "link": "tmdb/genre/movies/18"
        },
		{
            "type": "dir",
            "title": "Sci-fi",
			"thumbnail": "https://www.thegeekpub.com/wp-content/uploads/2020/04/Top-10-Sci-Fi-Movies-of-All-Time.jpg",
            "link": "tmdb/genre/movies/878"
        },
		{
            "type": "dir",
            "title": "Faroeste",
			"thumbnail": "https://static1.moviewebimages.com/wordpress/wp-content/uploads/2023/09/western-movies-that-define-the-genre.jpg",
            "link": "tmdb/genre/movies/37"
        },
		{
            "type": "dir",
            "title": "Guerra",
			"thumbnail": "https://northhowler.com/wp-content/uploads/2021/12/IMG_0656.jpg",
            "link": "tmdb/genre/movies/10752"
        },
		{
            "type": "dir",
            "title": "Musical",
			"thumbnail": "https://static1.colliderimages.com/wordpress/wp-content/uploads/2021/06/best-movie-musicals.jpg",
            "link": "tmdb/genre/movies/10402"
        },
       {
            "type": "dir",
            "title": "Romance",
			"thumbnail": "https://i.ytimg.com/vi/EGqgRY2r2qw/hq720.jpg?sqp=-oaymwEhCK4FEIIDSFryq4qpAxMIARUAAAAAGAElAADIQj0AgKJD&rs=AOn4CLDZJ58abhXjtSYCqPvy95G5qG2KSw",
            "link": "tmdb/genre/movies/10749"
        },
		{
            "type": "dir",
            "title": "Suspense",
			"thumbnail": "https://s.studiobinder.com/wp-content/uploads/2020/05/Best-Thriller-Movies-of-All-Time-Ranked-for-Filmmakers-Featured.jpg",
            "link": "tmdb/genre/movies/53"
        },
       {
            "type": "dir",
            "title": "Terror",
			"thumbnail": "https://cdn.blog.fonepaw.com/images/halloween-movies.jpg",
            "link": "tmdb/genre/movies/27"
        },
		{
            "type": "dir",
            "title": "[COLOR yellow]Pesquisar Filmes[/COLOR]",
			"thumbnail": "https://archive.org/download/1700740365535/1700740365535.png",
            "link": "tmdb/search/movie"        
        }	
    ]
}